Tile,Tempo(s)
4,117.065642
8,66.214656
16,43.877119
32,54.256807
64,50.714256
128,45.950713
