Tile,Tempo(s)
4,114.220768
8,65.260597
16,43.450281
32,53.706250
64,48.438397
128,44.146405
