versao,tempo_s
v1,35.722706
v2,36.823722
v3,29.116896
v4,29.127459
