versao,tempo_s
v1,35.074264
v2,36.159374
v3,29.507240
v4,29.602058
