versao,tempo_s
v2,36.006796
v3,29.552110
v4,28.743998
